"DESCRIPTION","DURATION IN MS","NAME","PARENT SUITE","START TIME","STATUS","STOP TIME","SUB SUITE","SUITE","TEST CLASS","TEST METHOD"
"
Automated Test Case: Verify that a new user can successfully register an account.
","14944","test_user_registration","tests","2026-09-09","failed","2026-09-09","","test_user_registration","",""
"","542","test_product_search","tests","2026-09-09","passed","2026-09-09","","test_product_search","",""
"
Automated Test Case: Verify that login fails for invalid user credentials.
","2112","test_invalid_user_login","tests","2026-09-09","passed","2026-09-09","","test_login","",""
"
Automated Test Case: Verify that login succeeds for valid user credentials.
","7567","test_valid_user_login","tests","2026-09-09","failed","2026-09-09","","test_login","",""
